<application>
  <component name="MavenWrapperMapping">
    <option name="mapping">
      <map>
        <entry key="https://repo.maven.apache.org/maven2/org/apache/maven/apache-maven/3.8.8/apache-maven-3.8.8-bin.zip" value="C:\Users\Nelson\.m2\wrapper\dists\apache-maven-3.8.8-bin\5uoequthmqh8cfjqtjqq5t3suq\apache-maven-3.8.8" />
        <entry key="https://repo.maven.apache.org/maven2/org/apache/maven/apache-maven/3.9.3/apache-maven-3.9.3-bin.zip" value="C:\Users\Nelson\.m2\wrapper\dists\apache-maven-3.9.3-bin\54p6kc7m0ap3os8bc4ge28ia2\apache-maven-3.9.3" />
      </map>
    </option>
  </component>
</application>